Organization Name,Website,Headquarters,Organization Type,Firm Size,Target Clients,Industries Served,Core Services,Training Topics,Delivery Models,Pricing Model,Pricing Tier,Unique Selling Proposition,Key Differentiators,Marketing Strategy,Thought Leadership Channels,Partnerships,Notable Clients,Growth Indicators,Scalability Score
Deloitte Canada (DEI Practice),deloitte.ca,"Toronto, ON",Big Four / Global Consulting,Enterprise (500+),"Large Enterprise, Government","Financial Services, Technology, Government, Healthcare","DEI Strategy, Culture Transformation, Inclusive Leadership, Equity Audits, Workforce Analytics","Inclusive Leadership, Unconscious Bias, Systemic Equity, Data-Driven DEI","Consulting, Workshops, Digital Learning, Executive Coaching",Project-Based / Retainer,Premium,Global scale with data-driven DEI analytics and organizational transformation,"Proprietary research, global benchmarking data, cross-sector expertise","Thought Leadership, Research Reports, C-Suite Advisory","Reports, Webinars, Industry Events, LinkedIn","Universities, Government Agencies, Industry Associations","Major banks, federal government, Fortune 500",Expanding ESG-linked DEI advisory services,9/10
KPMG Canada (DEI Advisory),kpmg.ca,"Toronto, ON",Big Four / Global Consulting,Enterprise (500+),"Large Enterprise, Government, Crown Corporations","Financial Services, Mining, Energy, Public Sector","Inclusion Strategy, Pay Equity Analysis, Governance Advisory, Workforce Planning","Pay Equity, Board Diversity, ESG Governance, Inclusive Hiring","Consulting, Workshops, Benchmarking Tools",Project-Based / Retainer,Premium,Integration of DEI with ESG and corporate governance frameworks,"Pay equity analytics, board diversity benchmarking, regulatory expertise","Research Authority, Compliance Expertise","Publications, Conferences, Government Consultations","CPA Associations, Law Firms","Crown corporations, major insurers, pension funds",Growing regulatory-driven DEI demand,9/10
PwC Canada (Inclusion Advisory),pwc.com/ca,"Toronto, ON",Big Four / Global Consulting,Enterprise (500+),"Large Enterprise, Private Equity, Government",Cross-Industry,"Belonging Strategy, Inclusive Culture Assessment, Talent Analytics, Bias Mitigation","Belonging Culture, Talent Equity, Data Analytics for DEI, Allyship","Consulting, Digital Platforms, Workshops",Project-Based / Retainer,Premium,Focus on belonging as the evolution of DEI with analytics integration,"Global methodology, digital DEI tools, belonging measurement frameworks","Innovation-Led Messaging, Research Authority","Thought leadership papers, digital content, events","Tech companies, academic institutions","Top-tier banks, tech firms, energy companies",Expanding digital DEI measurement tools,9/10
EY Canada (DEI Consulting),ey.com/ca,"Toronto, ON",Big Four / Global Consulting,Enterprise (500+),"Large Enterprise, Government","Professional Services, Technology, Healthcare","Inclusive Leadership, Workforce Transformation, Culture Diagnostics, Accessibility Consulting","Neurodiversity, Accessibility, Inclusive Leadership, Workforce Equity","Consulting, Coaching, Digital Learning",Project-Based / Retainer,Premium,Leading in neurodiversity and accessibility integration within DEI,"Neurodiversity Centre of Excellence, accessibility expertise, global network",Lived Experience + Research Authority,"Publications, Conferences, Digital Content","Disability organizations, tech accelerators","Global tech firms, government agencies",Pioneering neurodiversity-at-work programs,9/10
McKinsey & Company Canada,mckinsey.com,"Toronto, ON",Global Management Consulting,Enterprise (500+),"C-Suite, Board Directors",Cross-Industry,"DEI Strategy, Board Diversity, Women in Leadership Research, Organization Design","Women in the Workplace, Board Diversity, Race & Ethnicity in Business","Consulting, Research Publications, Executive Briefings",Project-Based,Premium,Definitive research on diversity-performance correlation,"Landmark research (Women in the Workplace), unmatched brand authority","Research Authority, Data-Driven Narrative","Published research, Harvard Business Review, conferences","Lean In Foundation, industry associations","Fortune 100 companies, sovereign wealth funds",Research becoming industry benchmark,8/10
Accenture Canada,accenture.com,"Toronto, ON",Global Consulting / Technology,Enterprise (500+),"Large Enterprise, Technology","Technology, Financial Services, Communications","DEI Tech Solutions, Inclusive Design, Workforce Analytics, Culture Change","Inclusive Design, AI Bias, Digital Accessibility, Workforce Equity","Consulting, Technology Implementation, Digital Platforms",Project-Based / Platform Licensing,Premium,Technology-first approach to DEI with AI-powered analytics,"Tech implementation capability, AI ethics expertise, scale","Innovation-Led, Technology Authority","Research reports, digital content, tech conferences","Tech startups, universities, AI research labs","Global banks, telecom companies",AI ethics and inclusive design growing rapidly,9/10
Canadian Centre for Diversity and Inclusion (CCDI),ccdi.ca,"Toronto, ON",Nonprofit / Membership Network,Mid-size (25-100),"Employers (all sizes), HR Leaders, Government",Cross-Industry,"Employer Partnerships, Research, Toolkits, Webinars, Workplace Inclusion Assessments","Unconscious Bias, Inclusive Leadership, Indigenous Inclusion, Anti-Racism","Membership Model, Webinars, Toolkits, Consulting",Membership + Project Fees,Low-Mid,Canada's premier employer-focused DEI membership organization,"Largest Canadian DEI employer network, research library, benchmarking tools","Community Building, Research Authority","Webinars, Research Publications, Annual Conference","Government agencies, universities, corporate partners",200+ employer members across sectors,"Membership growth, expanding research output",7/10
Catalyst Canada,catalyst.org,"Toronto, ON",Nonprofit Research Organization,Mid-size (25-100),"Corporate Leaders, HR Executives, Board Directors",Cross-Industry (Corporate Focus),"Research, Executive Programs, Employee Resource Group Support, Workplace Assessment","Women in Leadership, Inclusive Talent Management, Men as Allies, LGBTQ+ Inclusion","Research Publications, Workshops, Consulting, Digital Tools",Membership + Project Fees,Mid,Global authority on women in business with 60+ years of research,"Unmatched research depth on gender equity, Fortune 500 relationships","Research Authority, Gender Equity Expertise","Published research, conferences, corporate partnerships","Fortune 500 companies, academic institutions",Major global corporations,Expanding to intersectional equity research,7/10
Diversio,diversio.com,"Toronto, ON",DEI Technology Platform,Small (5-25),"HR Leaders, People Analytics Teams, Executives","Technology, Financial Services, Professional Services","AI-Powered DEI Measurement, Inclusion Analytics, Benchmarking Platform, Bias Detection","Data-Driven DEI, Inclusion Metrics, Predictive Analytics, Employee Experience","SaaS Platform, Consulting, Reporting Dashboards",SaaS Subscription + Consulting,Mid-Premium,AI-powered DEI measurement and analytics platform,"Proprietary AI algorithms, real-time inclusion measurement, benchmarking database","Technology Innovation, Data Authority","LinkedIn, Industry Events, Media Coverage","Venture capital firms, tech accelerators","Canadian tech companies, US expansion clients","Venture-backed, rapid growth trajectory",10/10
Anima Leadership,animaleadership.com,"Toronto, ON",Boutique DEI Consultancy,Small (5-25),"Corporate Leaders, HR Teams, Nonprofit Leaders",Cross-Industry,"Anti-Racism Consulting, Organizational Change, Leadership Development, DEI Strategy","Anti-Racism, Racial Equity, Power & Privilege, Systemic Change","Consulting, Workshops, Coaching, Speaking",Project-Based,Mid,Deep expertise in anti-racism and racial equity organizational change,"Founder-led thought leadership, lived experience, deep community roots","Lived Experience, Social Justice Authority","Speaking engagements, social media, publications","Community organizations, social justice networks","Major nonprofits, government agencies, educational institutions",Growing demand for anti-racism consulting,5/10
Turner Consulting Group,turnerconsultinggroup.ca,"Toronto, ON",Boutique DEI Consultancy,Small (5-25),"Government, Public Sector, Nonprofits, Education","Public Sector, Education, Healthcare, Nonprofits","Employment Systems Review, Equity Audits, Policy Development, Training","Employment Equity, Systemic Barriers, Anti-Racism, Human Rights","Consulting, Audits, Workshops, Policy Review",Project-Based,Mid,Established authority in public sector equity audits and systems reviews,"25+ years experience, government trust, deep policy expertise","Compliance Expertise, Research Authority","Publications, government consultations, conferences","Government agencies, human rights commissions","Ontario Public Service, municipalities, hospitals",Stable government consulting demand,5/10
Feminuity,feminuity.org,"Toronto, ON",Boutique DEI Consultancy,Small (5-25),"Tech Companies, Startups, Scale-ups","Technology, Startups, Innovation Economy","Inclusive Product Design, DEI Strategy, Hiring Audits, Culture Assessments","Inclusive Design, Intersectional Feminism, Startup Culture, Tech Equity","Consulting, Workshops, Product Audits, Coaching",Project-Based,Mid,Specialization in tech sector DEI and inclusive product design,"Tech-native approach, startup culture expertise, product inclusion lens","Innovation-Led, Tech Sector Authority","Social media, tech events, podcasts","Tech accelerators, VC firms","Major Canadian tech companies, international startups",Tech sector DEI demand expanding,7/10
Indigenous Corporate Training (ICT),ictinc.ca,"Vancouver, BC",Training Provider,Small (5-25),"Corporate Teams, Government, Education",Cross-Industry (Indigenous Focus),"Indigenous Awareness Training, Cultural Competency, Reconciliation Consulting","Indigenous History, Cultural Protocols, UNDRIP, Reconciliation, Land Acknowledgment","Online Courses, In-Person Workshops, Consulting, Books",Per-Participant + Licensing,Low-Mid,Canada's leading Indigenous awareness training organization,"Indigenous-led, 25+ years experience, published author/founder, comprehensive curriculum","Cultural Authority, Lived Experience","Books, blog, social media, podcasts","Indigenous communities, government reconciliation offices","Federal government, major corporations, universities",TRC-driven reconciliation demand,8/10
NationTalk / Indigenous Works,indigenousworks.ca,"Saskatoon, SK",Nonprofit / Membership Network,Small (5-25),"Employers, Government, Indigenous Communities",Cross-Industry (Indigenous Focus),"Indigenous Employment Programs, Workplace Inclusion, Guiding Circle Certification","Indigenous Inclusion, Workplace Readiness, Cultural Competency, Community Relations","Certification, Consulting, Membership, Research",Membership + Certification Fees,Low-Mid,National Indigenous inclusion certification and employment readiness,"Guiding Circle certification, national Indigenous employer network, community trust","Community Building, Certification Authority","Research reports, conferences, Indigenous media","Indigenous communities, federal government, corporate partners","Resource sector companies, government agencies",Reconciliation agenda driving growth,6/10
Pride at Work Canada,prideatwork.ca,"Toronto, ON",Nonprofit / Membership Network,Small (5-25),"HR Leaders, Employers, LGBTQ2S+ Employees",Cross-Industry (LGBTQ2S+ Focus),"LGBTQ2S+ Workplace Inclusion, Employer Certification, Training, Research","LGBTQ2S+ Inclusion, Trans Inclusion, Queer Leadership, Allyship","Membership, Webinars, Consulting, Certification",Membership + Project Fees,Low-Mid,Canada's leading LGBTQ2S+ workplace inclusion organization,"Community trust, employer certification program, annual conference","Community Authority, Lived Experience","Conferences, webinars, social media, publications","LGBTQ2S+ organizations, corporate sponsors","Major banks, federal employers, tech companies",Growing employer certification demand,6/10
Canadian Race Relations Foundation (CRRF),crrf-fcrr.ca,"Toronto, ON",Government / Regulatory Body,Mid-size (25-100),"Government, Educators, Employers, Community Organizations","Public Sector, Education","Anti-Racism Research, Policy Development, Community Grants, Training Programs","Anti-Racism, Racial Equity, Human Rights, Cultural Competency","Research, Grants, Workshops, Policy Advisory",Government-Funded + Grants,Low (often subsidized),Federal government-backed authority on race relations in Canada,"Federal mandate, research credibility, grant-making capacity","Research Authority, Government Mandate","Publications, conferences, government consultations","Federal government, human rights commissions, universities","Government agencies, school boards, community organizations",Increased anti-racism funding post-2020,4/10
Humber College Centre for Equity and Inclusion,humber.ca,"Toronto, ON",Educational Institution,Large (100-500),"Educators, Students, Corporate Partners","Education, Public Sector","DEI Curriculum Development, Community Partnerships, Equity Research, Training","Equity in Education, Anti-Racism, Indigenous Education, Accessible Learning","Workshops, Courses, Research, Community Programs",Tuition + Contract Training,Low-Mid,Post-secondary leadership in equity-centered education and community development,"Academic rigor, student pipeline, community partnerships, research capability","Academic Authority, Community Impact","Academic publications, community events, institutional partnerships","School boards, community organizations, government","Ontario educational institutions, community partners",Post-secondary equity mandates expanding,5/10
Inclusive Employers Canada,inclusiveemployers.ca,"Toronto, ON",Membership Network,Small (5-25),"Employers, HR Leaders",Cross-Industry,"Employer Inclusion Standards, Benchmarking, Accreditation, Training","Inclusive Hiring, Workplace Culture, Employee Engagement, Accommodation","Membership, Accreditation, Webinars, Consulting",Membership + Accreditation Fees,Low-Mid,Employer accreditation and inclusion standards framework,"Accreditation methodology, employer benchmarking, practical toolkits",Compliance + Standards Authority,"Webinars, member communications, conferences","HR associations, industry bodies",Mid-size to large Canadian employers,Employer accreditation demand growing,7/10
Bakau Consulting,bakauconsulting.com,"Ottawa, ON",Boutique DEI Consultancy,Solo/Micro (1-5),"Government, Nonprofits, Corporate","Public Sector, Nonprofits, Healthcare","Anti-Black Racism Consulting, Organizational Assessments, Policy Development","Anti-Black Racism, Afrocentric Frameworks, Systemic Equity, Power Analysis","Consulting, Workshops, Speaking, Policy Review",Project-Based,Mid,Specialized expertise in anti-Black racism and Afrocentric organizational change,"Afrocentric lens, public sector expertise, community trust","Lived Experience, Social Justice Authority","Speaking, social media, community partnerships","Black community organizations, government equity offices","Federal government, Ontario Public Service, hospitals",Anti-Black racism initiatives expanding,4/10
Tidal Equality,tidalequality.com,"Toronto, ON",Boutique DEI Consultancy,Small (5-25),"Tech Companies, Startups, Corporate","Technology, Startups, Professional Services","Inclusion Infrastructure Design, Systems-Level DEI, Behavioral Science for Inclusion","Behavioral Design, Systems Thinking, Inclusive Infrastructure, Decision Architecture","Consulting, Workshops, Speaking, Research",Project-Based,Mid-Premium,Behavioral science approach to building inclusive organizational infrastructure,"Unique systems-level methodology, behavioral science expertise, innovation focus","Innovation-Led, Research Authority","Speaking, publications, LinkedIn, podcasts","Behavioral science researchers, tech networks","Major tech companies, innovative enterprises",Behavioral science approach gaining traction,7/10
Kelsey Consulting,kelseyconsulting.ca,"Calgary, AB",Boutique DEI Consultancy,Solo/Micro (1-5),"Energy Sector, Corporate, Government","Energy, Oil & Gas, Mining, Natural Resources","DEI Strategy for Resource Sector, Indigenous Relations, Inclusive Leadership","Energy Sector DEI, Indigenous Engagement, Rural/Remote Inclusion, Safety Culture","Consulting, Workshops, Coaching",Project-Based,Mid,Specialized DEI consulting for Canada's resource and energy sector,"Deep energy sector knowledge, Indigenous relations expertise, Western Canada focus","Industry Expertise, Regional Authority","Industry conferences, LinkedIn, sector publications","Energy industry associations, Indigenous business councils","Oil & gas companies, mining firms, utilities",ESG requirements driving energy sector DEI,5/10
Living Hyphen,livinghyphen.ca,"Toronto, ON",Boutique DEI Consultancy / Media,Solo/Micro (1-5),"Corporate, Nonprofits, Arts & Culture Organizations","Arts & Culture, Media, Nonprofits","Storytelling-Based DEI, Community Engagement, Cultural Programming, Consulting","Cultural Identity, Immigration & Belonging, Storytelling, Community Building","Workshops, Events, Media Production, Consulting",Project-Based + Grants,Low-Mid,Unique storytelling and arts-based approach to diversity and belonging,"Arts-based methodology, media platform, community engagement, cultural programming","Community Building, Cultural Authority","Magazine, events, social media, community partnerships","Arts councils, cultural organizations, media partners","Arts organizations, municipal governments, cultural institutions",Growing demand for arts-based DEI approaches,5/10
Diversify Canada,diversifycanada.ca,"Vancouver, BC",Training Provider,Small (5-25),"Corporate, Government, Small Business",Cross-Industry,"DEI Training Programs, Inclusive Hiring, Workplace Culture Workshops","Unconscious Bias, Cultural Competency, Inclusive Hiring, Microaggressions","Workshops, Online Courses, Consulting, Webinars",Per-Session + Package,Low-Mid,Accessible and affordable DEI training for organizations of all sizes,"Affordable pricing, accessible content, practical tools, small business friendly",Accessibility + Affordability,"Social media, webinars, community events","Community organizations, small business associations","SMEs, nonprofits, municipalities",Demand from SME sector growing,7/10
Blueprint for All (formerly Runnymede Trust Canada),blueprintforall.ca,"Toronto, ON",Nonprofit DEI Organization,Small (5-25),"Community Organizations, Government, Education","Public Sector, Community Development, Education","Community Equity Programs, Research, Policy Advocacy, Youth Programs","Racial Equity, Youth Empowerment, Community Development, Policy Reform","Research, Programs, Advocacy, Community Events",Grant-Funded + Contracts,Low,Youth-focused racial equity and community development programs,"Youth engagement, community trust, research credibility, policy influence","Community Building, Youth Authority","Publications, community events, social media","Youth organizations, government equity offices, school boards","Municipal governments, school boards, community agencies",Youth equity programming expanding,4/10
Inclusive Excellence Canada,inclusiveexcellence.ca,"Montreal, QC",Boutique DEI Consultancy,Small (5-25),"Universities, Healthcare, Corporate","Higher Education, Healthcare, Professional Services","Equity Assessment, Inclusive Excellence Frameworks, Faculty Development","Equity in Higher Ed, Healthcare Equity, Inclusive Pedagogy, Assessment Design","Consulting, Workshops, Program Evaluation, Speaking",Project-Based,Mid,Academic excellence through equity frameworks for higher education and healthcare,"Academic rigor, higher education expertise, bilingual capability","Academic Authority, Research-Based","Academic publications, conferences, university partnerships","Universities, academic associations, research councils","Canadian universities, hospitals, professional associations",University equity mandates strengthening,5/10
Empowered EDI,empoweredi.ca,"Toronto, ON",Boutique DEI Consultancy,Small (5-25),"Nonprofits, Small Business, Corporate",Cross-Industry,"EDI Strategy, Board Governance, Inclusive Hiring, Capacity Building","EDI Governance, Board Diversity, Inclusive Recruitment, Organizational Capacity","Consulting, Workshops, Board Advisory, Coaching",Project-Based,Mid,Practical EDI capacity building for growing organizations and nonprofit boards,"Nonprofit governance expertise, practical implementation focus, capacity building","Practitioner Authority, Nonprofit Expertise","LinkedIn, sector events, webinars","Nonprofit sector networks, governance associations","Nonprofit organizations, social enterprises, small businesses",Nonprofit governance reform driving demand,6/10
Global Makeshift,globalmakeshift.com,"Toronto, ON",Training Provider,Small (5-25),"Corporate, Government, Education",Cross-Industry,"Intercultural Competency, Global DEI, Cross-Cultural Training, Immigration Support","Intercultural Communication, Global Inclusion, Immigration Integration, Cross-Cultural Teams","Workshops, Online Courses, Consulting, Coaching",Per-Session + Package,Mid,Intercultural competency and global DEI training for diverse workplaces,"Global perspective, immigration expertise, multilingual capability, intercultural methodology","Cultural Expertise, Global Authority","Webinars, social media, industry events","Immigration services, multicultural organizations","Multinational companies, government immigration services",Immigration-driven diversity demand increasing,7/10
Centric Consulting Canada,centricconsulting.ca,"Ottawa, ON",HR Consulting Firm,Mid-size (25-100),"Government, Healthcare, Large Enterprise","Public Sector, Healthcare, Financial Services","HR Transformation, DEI Integration, Talent Management, Organizational Development","DEI-Integrated HR, Talent Equity, Performance Management, Succession Planning","Consulting, Project Management, HR Technology",Project-Based / Retainer,Mid-Premium,DEI integration within broader HR transformation and organizational development,"HR systems expertise, government relationships, bilingual capability","Compliance Expertise, HR Authority","Government publications, HR conferences, LinkedIn","HR technology vendors, government consultants","Federal government, healthcare systems, Crown corporations",HR modernization creating DEI integration opportunities,7/10
Optimus SBR (DEI Practice),optimussbr.com,"Toronto, ON",HR Consulting Firm,Mid-size (25-100),"Government, Healthcare, Education","Public Sector, Healthcare, Education","Organizational Review, DEI Strategy, Change Management, Leadership Development","Change Management, Leadership Development, Organizational Culture, DEI Strategy","Consulting, Workshops, Executive Coaching, Assessments",Project-Based,Mid-Premium,DEI embedded in comprehensive organizational transformation consulting,"Government procurement expertise, change management methodology, public sector track record","Organizational Authority, Government Expertise","Case studies, government publications, conferences","Government consultants, leadership development firms","Ontario Public Service, hospitals, universities",Government transformation projects increasing,6/10
Lean In Canada,leanin.org/canada,"Toronto, ON",Nonprofit / Membership Network,Small (5-25),"Women in Business, Corporate Partners, HR Leaders",Cross-Industry (Gender Focus),"Women's Leadership Circles, Mentoring Programs, Gender Equity Research, Events","Women's Leadership, Mentoring, Gender Pay Equity, Women in Tech","Circles (Peer Groups), Events, Digital Content, Workshops",Membership + Sponsorship,Low,Grassroots women's leadership development through peer learning circles,"Brand recognition, global network, peer learning model, corporate partnerships","Community Building, Gender Authority","Events, social media, digital content, corporate partnerships","Corporate sponsors, academic partners","Corporate sponsors, women's professional networks",Women's leadership investment continuing,7/10
Hive Learning (Canada Operations),hivelearning.com,"London, UK (Canadian Ops)",DEI Technology Platform / Training,Mid-size (25-100),"Large Enterprise, Government",Cross-Industry,"Digital DEI Learning Platform, Peer Learning, Behavior Change Programs","Unconscious Bias, Inclusive Leadership, Allyship, Psychological Safety","SaaS Platform, Digital Learning, Peer Programs",SaaS Subscription,Mid-Premium,Behavior change through peer-driven digital learning platform,"Peer learning methodology, behavioral science, scalable technology, enterprise clients","Technology Innovation, Behavioral Science","LinkedIn, webinars, case studies","Enterprise technology partners, research institutions",Major UK and Canadian enterprises,Digital learning market expanding,9/10
Veza Global,vezaglobal.com,"Toronto, ON",Boutique DEI Consultancy,Small (5-25),"Corporate, Technology, Financial Services","Technology, Financial Services, Professional Services","Inclusive Leadership, Executive Coaching, DEI Measurement, Culture Transformation","Inclusive Leadership, Executive Presence, Cultural Intelligence, DEI Metrics","Coaching, Consulting, Workshops, Speaking",Project-Based + Retainer,Mid-Premium,Executive-level inclusive leadership coaching and measurement,"C-suite access, executive coaching expertise, measurement frameworks","Leadership Authority, Executive Expertise","LinkedIn, executive events, speaking engagements","Executive coaching networks, leadership development firms","Bay Street firms, tech companies, professional services firms",Executive DEI demand growing,6/10
CultureAlly,cultureally.com,"Toronto, ON",DEI Technology Platform,Solo/Micro (1-5),"HR Teams, Small-Mid Business","Technology, Professional Services, Startups","DEI Calendar, Inclusion Toolkits, Automated Awareness Content","Cultural Celebrations, Inclusive Language, Awareness Days, Team Inclusion","SaaS Platform, Digital Content, Automated Tools",SaaS Subscription,Low,Automated DEI awareness tools and inclusion calendar for busy teams,"Low-cost automation, easy implementation, plug-and-play DEI tools",Accessibility + Technology,"Social media, product demos, startup events","HR tech marketplaces, startup networks","SMEs, startups, growing companies",SME DEI tools market emerging,9/10
Birch Cove Consulting,birchcoveconsulting.ca,"Halifax, NS",Boutique DEI Consultancy,Solo/Micro (1-5),"Nonprofits, Government, Small Business","Nonprofits, Public Sector, Social Enterprise","Equity Assessments, Policy Development, Community Engagement, Facilitation","Racial Equity, Community Building, Policy Analysis, Power & Privilege","Consulting, Facilitation, Workshops, Policy Review",Project-Based,Low-Mid,Atlantic Canada focused equity consulting with community-centered approach,"Regional expertise, community relationships, accessible approach, social justice lens","Community Building, Regional Authority","Community events, social media, local partnerships","Atlantic Canada nonprofits, community organizations","Provincial governments, nonprofits, community organizations",Atlantic Canada equity investment growing,4/10
Normandin Beaudry (DEI Practice),normandinbeaudry.ca,"Montreal, QC",HR Consulting Firm,Large (100-500),"Large Enterprise, Government","Financial Services, Manufacturing, Public Sector","Pay Equity Analysis, Total Rewards Equity, DEI Strategy, Benefits Design","Pay Equity, Total Rewards, Benefits Equity, Compensation Analysis","Consulting, Actuarial Analysis, Benchmarking",Project-Based,Mid-Premium,Actuarial and total rewards expertise applied to pay equity and DEI,"Actuarial precision, pay equity analytics, bilingual, Quebec market leadership","Compliance Expertise, Analytical Authority","Publications, HR conferences, industry events","Actuarial associations, HR bodies","Quebec employers, federal regulated employers",Pay equity legislation driving demand,6/10
Mercer Canada (DEI Advisory),mercer.ca,"Toronto, ON",Global HR Consulting,Enterprise (500+),"Large Enterprise, Government",Cross-Industry,"Pay Equity, DEI Metrics, Workforce Planning, Total Rewards Equity","Pay Equity, DEI Data Analytics, Workforce Demographics, Benefits Equity","Consulting, Data & Analytics, Platform Tools",Project-Based / Platform,Premium,Global HR data and analytics powering evidence-based DEI strategy,"Massive HR datasets, global benchmarking, pay equity modeling, actuarial expertise","Data Authority, Compliance Expertise","Research publications, conferences, webinars","Marsh McLennan companies, industry associations",Major Canadian employers across sectors,Pay equity regulation expanding globally,8/10
Korn Ferry Canada (DEI Practice),kornferry.com,"Toronto, ON",Global Executive Search / HR,Enterprise (500+),"C-Suite, Board Directors, HR Leaders",Cross-Industry,"Inclusive Leadership Assessment, Board Diversity Search, DEI Strategy, Talent Assessment","Inclusive Leadership, Board Diversity, Succession Planning, Assessment & Selection","Executive Search, Assessment, Consulting, Coaching",Project-Based / Search Fee,Premium,Board and executive diversity through assessment science and executive search,"Proprietary assessment tools, global executive network, board placement expertise","Leadership Authority, Assessment Science","Research reports, executive events, publications","Board governance organizations, CEO networks","Major corporations, board advisory committees",Board diversity mandates driving demand,7/10
Egon Zehnder Canada,egonzehnder.com,"Toronto, ON",Global Executive Search,Large (100-500),"Board Directors, C-Suite",Cross-Industry,"Board Diversity Search, CEO Succession, Leadership Assessment, Governance Advisory","Board Composition, CEO Diversity, Governance, Executive Assessment","Executive Search, Board Advisory, Consulting",Search Fee / Retainer,Premium,Elite board and C-suite diversity placement with governance expertise,"Exclusive network, board-level relationships, private governance advisory","Exclusivity, Governance Authority","Private publications, board events, exclusive networks","Board governance bodies, CEO networks","Fortune 500 boards, major Canadian corporations",Board diversity regulation strengthening,5/10
Boyden Canada,boyden.com,"Toronto, ON",Executive Search / DEI,Large (100-500),"Boards, C-Suite, Senior Leaders",Cross-Industry,"Diverse Executive Search, Board Diversity, Leadership Assessment, Succession","Diverse Talent Pipeline, Board Composition, Leadership Diversity, Succession Planning","Executive Search, Board Advisory, Assessment",Search Fee,Premium,Canadian-rooted global executive search with diversity focus,"Canadian roots, global network, board diversity tracking, relationship-based approach","Network Authority, Canadian Leadership","Conferences, executive events, publications","Board director associations, industry groups","Major Canadian corporations, public institutions",Diversity search mandates increasing,5/10
Mathison (Canadian Operations),mathison.io,"New York, NY (Canadian Ops)",DEI Technology Platform,Mid-size (25-100),"Talent Acquisition Teams, HR Leaders","Technology, Professional Services, Healthcare","Inclusive Hiring Platform, Job Description Bias Scanner, Diversity Sourcing","Inclusive Recruitment, Job Posting Bias, Diversity Sourcing, Hiring Analytics","SaaS Platform, AI Tools, Analytics Dashboard",SaaS Subscription,Mid,AI-powered inclusive hiring platform eliminating bias from recruitment,"AI bias detection, integrations with ATS systems, diverse talent sourcing","Technology Innovation, Hiring Expertise","Product demos, LinkedIn, HR tech events","ATS providers, job boards, HR tech ecosystem",Enterprise talent acquisition teams,Inclusive hiring tech market growing,10/10
Lee-Anne Goodman Consulting,leeanngoodman.ca,"Toronto, ON",Speaker-Led Consultancy,Solo/Micro (1-5),"Corporate, Government, Conferences",Cross-Industry,"Keynote Speaking, DEI Workshop Facilitation, Leadership Development","Anti-Racism, Inclusive Leadership, Allyship, Courageous Conversations","Speaking, Workshops, Coaching",Per-Engagement,Mid,High-impact keynote speaking and facilitation on anti-racism and inclusion,"Personal brand, speaking reputation, media presence","Personal Brand, Lived Experience","Social media, media appearances, speaking circuits","Speaker bureaus, conference organizers","Corporate events, government conferences",Speaker-led DEI market competitive but growing,3/10
Hamlin Grange,hamlingrange.com,"Toronto, ON",Speaker-Led Consultancy,Solo/Micro (1-5),"Corporate, Government, Boards",Cross-Industry,"Keynote Speaking, Board Advisory, DEI Strategy, Governance Consulting","Board Diversity, Leadership, Media Diversity, Corporate Governance","Speaking, Consulting, Board Advisory",Per-Engagement / Retainer,Mid-Premium,Established thought leader on diversity in media and corporate governance,"Media industry expertise, board-level network, longstanding reputation","Personal Brand, Media Authority","Media appearances, conferences, board networks","Media companies, board governance bodies","Media companies, corporate boards, government",Media diversity demand strengthening,3/10
Seefar Consulting,seefar.ca,"Calgary, AB",Boutique DEI Consultancy,Solo/Micro (1-5),"Energy Sector, Mining, Corporate","Energy, Mining, Construction, Natural Resources","Safety & Inclusion Integration, Indigenous Relations, Field-Level DEI","Psychological Safety, Inclusive Safety Culture, Indigenous Engagement, Field Operations","Consulting, Field Training, Safety Integration",Project-Based,Mid,Unique integration of safety culture and inclusion for resource sector field operations,"Safety-DEI integration, field operations expertise, Western Canada resource sector focus","Industry Expertise, Safety Authority","Industry conferences, LinkedIn, sector publications","Safety associations, Indigenous business councils","Oil & gas companies, mining operations, pipeline companies",Safety-inclusion integration demand growing,5/10
The Humphrey Group,humphreygroup.com,"Toronto, ON",Training Provider / Communications,Mid-size (25-100),"Corporate, Government, Executives",Cross-Industry,"Inclusive Communication Training, Executive Presence, Leadership Communication","Inclusive Language, Executive Presence, Women's Communication, Public Speaking","Workshops, Coaching, Online Courses, Corporate Programs",Per-Program / Licensing,Mid-Premium,Inclusive leadership communication training with executive presence focus,"Proprietary methodology (Taking the Stage), gender communication expertise, scale","Communication Authority, Gender Expertise","Books, LinkedIn, corporate events, webinars","Corporate training departments, women's networks","Major banks, law firms, professional services firms",Communication training market well-established,7/10
Shift Health (DEI in Healthcare),shifthealth.ca,"Toronto, ON",Boutique DEI Consultancy / Health,Small (5-25),"Healthcare Systems, Hospitals, Public Health","Healthcare, Public Health, Pharmaceuticals","Health Equity Consulting, Patient Equity, Clinical Trial Diversity, Provider Training","Health Equity, Patient-Centered Care, Clinical Trial Diversity, Cultural Safety in Health","Consulting, Research, Training, Program Design",Project-Based,Mid-Premium,Healthcare-specialized DEI consulting focused on health equity and patient outcomes,"Healthcare domain expertise, research capability, clinical credibility, patient equity lens","Healthcare Authority, Research-Based","Health publications, medical conferences, research papers","Hospital associations, medical schools, pharma companies","Major hospital networks, pharmaceutical companies, public health agencies",Health equity mandates expanding rapidly,6/10
BGC Canada (formerly Boys and Girls Clubs),bgccan.com,Multiple locations,Nonprofit DEI Organization,Large (100-500),"Youth, Communities, Corporate Partners","Youth Services, Community Development","Youth DEI Programming, Community Inclusion, Volunteer Training, Cultural Programs","Youth Equity, Community Inclusion, Cultural Programming, Anti-Bullying","Programs, Workshops, Community Events, Volunteer Training",Charitable / Grant-Funded,Low (subsidized),National youth development with equity and inclusion programming,"National reach, community trust, youth engagement expertise, brand recognition","Community Building, Youth Authority","Community events, social media, corporate partnerships","Corporate sponsors, government funders, community partners","Youth across Canada, corporate volunteer partners",Youth equity programming growing,6/10
Dialogue (DEI Wellness Platform),dialogue.co,"Montreal, QC",Health Tech / DEI Wellness,Mid-size (25-100),"Employers, HR Leaders, Benefits Managers",Cross-Industry,"Mental Health Equity, Inclusive Wellness Programs, Culturally Competent Care","Mental Health Equity, Culturally Competent Care, Inclusive Benefits, Employee Wellbeing","Digital Platform, Telemedicine, EAP, Wellness Programs",Per-Employee Subscription,Mid,Culturally competent digital health and wellness platform for inclusive employee benefits,"Tech platform, clinical expertise, DEI-aware mental health, scalable delivery","Technology Innovation, Health Authority","LinkedIn, HR conferences, health publications","Benefits providers, insurance companies, HR tech firms",Mid-to-large Canadian employers,Mental health equity market booming,9/10
Mosaic Institute,mosaicinstitute.ca,"Toronto, ON",Nonprofit DEI Organization,Small (5-25),"Government, Education, Communities, Interfaith Organizations","Public Sector, Education, Community Development","Interfaith Dialogue, Community Bridge-Building, Civic Engagement, Research","Interfaith Inclusion, Community Cohesion, Civic Pluralism, Anti-Hate","Programs, Research, Community Events, Policy Advisory",Grant-Funded + Contracts,Low,Interfaith and intercultural bridge-building for pluralistic communities,"Interfaith expertise, community engagement methodology, civic pluralism focus","Community Building, Interfaith Authority","Publications, community events, policy forums","Faith communities, government, academic institutions","Municipal governments, school boards, faith communities",Anti-hate and pluralism demand increasing,4/10
DiversiPro,diversipro.com,"Toronto, ON",Boutique DEI Consultancy,Small (5-25),"Healthcare, Government, Education, Nonprofits","Healthcare, Public Sector, Education, Nonprofits","Equity Strategy, Organizational Assessment, Anti-Racism Training, Accessibility","Anti-Racism, Accessibility, Equity Assessment, Indigenous Cultural Safety","Consulting, Training, Assessments, Policy Development",Project-Based,Mid,Comprehensive equity strategy consulting across public-facing sectors,"Multi-sector expertise, accessibility knowledge, assessment methodology","Practitioner Authority, Accessibility Expertise","LinkedIn, sector conferences, publications","Accessibility organizations, health networks","Ontario hospitals, municipalities, school boards",Accessibility and equity regulation expanding,6/10
Canadian Women's Foundation,canadianwomen.org,"Toronto, ON",Nonprofit DEI Organization,Mid-size (25-100),"Government, Donors, Community Organizations, Corporate Partners",Cross-Industry (Gender Focus),"Gender Equity Research, Grant-Making, Advocacy, Training","Gender-Based Violence, Economic Equity, Girls' Empowerment, Feminist Leadership","Grants, Research, Advocacy, Programs, Training",Charitable / Grant-Funded,Low (subsidized),National authority on gender equity with significant grant-making capacity,"Research authority, grant-making scale, policy influence, national reach","Research Authority, Gender Authority","Publications, advocacy campaigns, events","Government, foundations, corporate sponsors","Community organizations, government agencies",Gender equity funding streams stable,5/10
Diversio Academy,diversio.com/academy,"Toronto, ON",Training Provider (Digital),Small (5-25),"HR Professionals, DEI Practitioners, People Managers",Cross-Industry,"DEI Certification Programs, Online Learning, Skills Development","DEI Measurement, Inclusive Leadership, Data Literacy for DEI, Strategy Design","Online Courses, Certification, Self-Paced Learning",Per-Course / Certification Fee,Low-Mid,Data-driven DEI certification and professional development,"Connected to Diversio platform, data-driven curriculum, professional certification","Technology Innovation, Certification Authority","LinkedIn, webinars, industry events","HR associations, DEI networks","HR professionals, aspiring DEI practitioners",DEI certification market growing,9/10
Adjuvant Consulting,adjuvantconsulting.ca,"Ottawa, ON",Boutique DEI Consultancy,Solo/Micro (1-5),"Government, Nonprofits, International Development","Public Sector, International Development, Nonprofits","Gender Mainstreaming, GBA+ Analysis, International DEI, Policy Development","GBA+, Gender Mainstreaming, International Development Equity, Policy Analysis","Consulting, Policy Analysis, Training, Research",Project-Based,Mid,Specialized in gender-based analysis (GBA+) and federal equity policy,"Federal policy expertise, GBA+ methodology, international development experience","Government Expertise, Policy Authority","Government publications, policy conferences","Federal departments, international development agencies","Federal government, international NGOs",GBA+ requirements in federal procurement expanding,4/10
CivicAction (DiverseCity),civicaction.ca,"Toronto, ON",Nonprofit / Membership Network,Mid-size (25-100),"Corporate Leaders, Government, Young Professionals",Cross-Industry,"DiverseCity Fellows Program, Leadership Development, Civic Engagement","Diverse Leadership, Civic Participation, Community Leadership, Cross-Sector Collaboration","Fellowship Programs, Events, Networking, Community Projects",Membership + Sponsorship,Low-Mid,Cross-sector diverse leadership development through fellowship and civic engagement,"High-profile fellows network, cross-sector convening power, civic impact","Community Building, Leadership Authority","Events, media, social media, corporate partnerships","Corporate sponsors, government partners, universities","Young professionals, corporate leaders, civic organizations",Civic engagement and diverse leadership demand stable,5/10
Institute for Canadian Citizenship (ICC),inclusion.ca,"Toronto, ON",Nonprofit DEI Organization,Mid-size (25-100),"New Canadians, Government, Corporate Partners, Cultural Institutions","Public Sector, Cultural, Immigration","Newcomer Inclusion, Cultural Access Programs, Citizenship Engagement","Newcomer Integration, Cultural Inclusion, Citizenship, Canadian Identity","Programs, Events, Research, Partnerships",Charitable / Grant-Funded + Partnerships,Low,National inclusion programming for new Canadians through cultural engagement,"Cultural institution partnerships, newcomer engagement, national reach, brand reputation","Community Building, Cultural Authority","Events, publications, media partnerships","Cultural institutions, government, corporate partners","New Canadians, cultural institutions, government agencies",Immigration-driven inclusion demand strong,5/10
GoodPeople Consulting,goodpeopleconsulting.ca,"Vancouver, BC",Boutique DEI Consultancy,Solo/Micro (1-5),"Nonprofits, Small Business, Social Enterprise","Nonprofits, Social Enterprise, Community Development","Board Governance Equity, Volunteer DEI, Community Organization Capacity Building","Board Equity, Volunteer Inclusion, Nonprofit Governance, Community Engagement","Consulting, Workshops, Board Facilitation, Coaching",Project-Based,Low-Mid,Accessible equity consulting for nonprofit governance and community organizations,"Nonprofit sector depth, accessible pricing, community-centered approach",Accessibility + Community Authority,"Community events, sector publications, social media","Nonprofit networks, community foundations","BC nonprofits, community organizations, foundations",Nonprofit DEI investment increasing,4/10
KBRS (Knightsbridge Robertson Surrette),kbrs.ca,"Halifax, NS",Executive Search / DEI,Mid-size (25-100),"Boards, Senior Leaders, Public Sector","Public Sector, Higher Education, Healthcare, Nonprofits","Diverse Executive Search, Board Diversity, Leadership Assessment, Succession","Board Diversity, Executive Recruitment, Public Sector Leadership, Governance","Executive Search, Board Advisory, Assessment",Search Fee,Mid-Premium,Atlantic Canada's leading executive search firm with diversity focus,"Atlantic Canada market leadership, public sector relationships, university partnerships","Regional Authority, Network Expertise","Events, publications, sector conferences","Universities, hospital boards, Crown corporations","Atlantic Canadian organizations, universities, hospitals",Public sector diversity mandates strengthening,5/10
The Intercultural Institute of Montreal (IIM),iim.qc.ca,"Montreal, QC",Nonprofit / Training Provider,Small (5-25),"Government, Community Organizations, Educators, Social Workers","Public Sector, Social Services, Education","Intercultural Mediation, Community Integration, Anti-Racism Training","Intercultural Competency, Mediation, Anti-Racism, Immigration Integration","Training, Mediation Services, Research, Community Programs",Grant-Funded + Contract Training,Low-Mid,Pioneering intercultural mediation and integration services in Quebec,"40+ years experience, bilingual/multilingual, intercultural mediation expertise","Cultural Authority, Mediation Expertise","Publications, community events, academic partnerships","Immigration services, municipal governments, universities","Quebec government, community organizations, school boards",Quebec interculturalism policy driving demand,4/10
Aberisam Consulting,aberisam.com,"Toronto, ON",Boutique DEI Consultancy,Solo/Micro (1-5),"Corporate, Government, Education",Cross-Industry,"Inclusive Recruitment, Bias Interruption, DEI Facilitation, Strategy","Recruitment Bias, Interview Equity, Inclusive Hiring Practices, DEI Strategy","Consulting, Workshops, Training, Facilitation",Project-Based,Mid,Practical bias interruption in recruitment and talent management processes,"Recruitment specialization, practical tools, hands-on facilitation approach","Practitioner Authority, Recruitment Expertise","LinkedIn, HR events, webinars","HR associations, recruitment firms","Corporate HR departments, government agencies",Inclusive recruitment demand strong,5/10
Stratford Group,stratfordgroup.com,"Toronto, ON",HR Consulting Firm,Mid-size (25-100),"Healthcare, Government, Education","Healthcare, Public Sector, Education","Organizational Development, DEI Integration, Change Management, HR Strategy","Organizational Change, Culture Development, Leadership, DEI Strategy","Consulting, Training, Coaching, Program Design",Project-Based / Retainer,Mid,DEI integrated within comprehensive organizational development and change management,"Healthcare sector expertise, public sector relationships, OD methodology","Organizational Authority, Healthcare Expertise","Case studies, conferences, LinkedIn","Healthcare associations, government consultants","Ontario hospitals, government agencies, universities",Healthcare transformation creating DEI opportunities,6/10
Ascend Canada,ascendleadership.org,"Toronto, ON",Nonprofit / Membership Network,Small (5-25),"Pan-Asian Professionals, Corporate Partners","Professional Services, Technology, Financial Services","Pan-Asian Leadership Development, Networking, Mentoring, Corporate Partnerships","Asian Representation, Leadership Development, Corporate Advancement, Mentoring","Events, Mentoring Programs, Research, Networking",Membership + Sponsorship,Low,Pan-Asian professional advancement through leadership development and corporate partnerships,"Community trust, corporate partnerships, leadership programming, Pan-Asian network","Community Building, Cultural Authority","Events, social media, corporate partnerships","Corporate sponsors, professional associations","Major law firms, banks, consulting firms, tech companies",Asian representation in leadership growing focus,6/10
Odgers Berndtson Canada (DEI Practice),odgersberndtson.com,"Toronto, ON",Global Executive Search,Large (100-500),"Boards, C-Suite, Government Leaders",Cross-Industry,"Diverse Executive Search, Board Composition Advisory, CEO Succession, Assessment","Board Diversity, Executive Leadership, Public Sector Leadership, Assessment","Executive Search, Board Advisory, Assessment, Consulting",Search Fee / Retainer,Premium,Elite executive search with dedicated diversity and board composition advisory,"Global network, Canadian market depth, board-level relationships, assessment tools","Exclusivity, Leadership Authority","Executive events, publications, board networks","Board governance organizations, government","Major corporations, Crown corporations, universities",Board diversity regulation strengthening,5/10
Equity Matters Consulting,equitymatters.ca,"Winnipeg, MB",Boutique DEI Consultancy,Solo/Micro (1-5),"Government, Indigenous Organizations, Nonprofits","Public Sector, Indigenous Services, Community Development","Indigenous Equity Consulting, Cultural Safety, Treaty Education, Policy Development","Treaty Education, Indigenous Cultural Safety, Reconciliation, Equity Policy","Consulting, Training, Policy Review, Community Facilitation",Project-Based,Low-Mid,Prairie-based Indigenous equity and treaty education consulting,"Indigenous community relationships, treaty expertise, prairie regional knowledge","Cultural Authority, Regional Expertise","Community events, Indigenous media, sector conferences","Indigenous organizations, treaty organizations","Manitoba government, school boards, health authorities",Reconciliation and treaty education demand growing,4/10
BC Centre for Women in the Trades (BCCWITT),bccwitt.ca,"Vancouver, BC",Nonprofit DEI Organization,Small (5-25),"Women in Trades, Employers, Government, Unions","Construction, Trades, Manufacturing, Infrastructure","Women in Trades Recruitment, Retention Consulting, Employer Training, Mentoring","Women in Trades, Workplace Harassment, Retention Strategies, Inclusive Worksites","Programs, Training, Consulting, Mentoring, Employer Support",Grant-Funded + Contract Training,Low-Mid,Specialized women's inclusion programming for construction and skilled trades,"Trades sector expertise, community trust, practical worksite solutions, mentoring programs","Community Building, Trades Authority","Events, sector publications, social media","Trade unions, construction associations, government apprenticeship offices","Construction companies, unions, government infrastructure projects",Infrastructure investment driving trades diversity demand,5/10
Elevate Inclusion Strategies,elevateinclusion.ca,"Toronto, ON",Boutique DEI Consultancy,Small (5-25),"Corporate, Financial Services, Professional Services","Financial Services, Professional Services, Technology","ERG Strategy, Inclusive Culture, Leadership Development, DEI Measurement","Employee Resource Groups, Sponsorship Programs, Inclusive Culture Metrics, Allyship","Consulting, Coaching, Workshops, ERG Advisory",Project-Based / Retainer,Mid-Premium,Deep expertise in Employee Resource Group strategy and inclusive culture measurement,"ERG strategy specialization, financial services knowledge, measurement frameworks","Practitioner Authority, ERG Expertise","LinkedIn, conferences, webinars","ERG networks, financial services DEI councils","Major banks, insurance companies, law firms",ERG investment and measurement growing,6/10
ENGAGE! Community,engagecommunity.ca,"Hamilton, ON",Training Provider,Small (5-25),"Municipalities, Community Organizations, Small Business","Municipal Government, Community Development, Small Business","Community Engagement, Inclusive Consultation, Civic Participation, Anti-Racism","Community Engagement, Civic Equity, Anti-Racism, Inclusive Decision-Making","Workshops, Facilitation, Consulting, Community Events",Project-Based / Per-Session,Low-Mid,Equitable community engagement and inclusive civic participation consulting,"Municipal expertise, community engagement methodology, grassroots approach","Community Building, Civic Authority","Community events, municipal publications, social media","Municipal associations, community foundations","Ontario municipalities, community organizations, planning departments",Municipal equity commitments growing,5/10
Reconciliation Canada,reconciliationcanada.ca,"Vancouver, BC",Nonprofit DEI Organization,Mid-size (25-100),"Government, Corporate, Indigenous Communities, Educational Institutions",Cross-Industry (Reconciliation Focus),"Reconciliation Programs, Walking Together, Corporate Reconciliation Strategy, Education","Reconciliation, Indigenous Inclusion, Truth & Reconciliation, Corporate Responsibility","Programs, Events, Consulting, Education, Community Engagement",Charitable / Grant-Funded + Contracts,Low-Mid,National reconciliation programming bridging Indigenous and non-Indigenous communities,"National platform, community trust, cross-sector convening, brand recognition","Community Building, Reconciliation Authority","Events, media, publications, community programs","Indigenous organizations, corporate sponsors, government","Major corporations, government agencies, educational institutions",Reconciliation commitment deepening nationally,5/10
Black Professionals in Tech Network (BPTN),bptn.com,"Toronto, ON",Membership Network / Tech,Mid-size (25-100),"Black Tech Professionals, Corporate Partners, HR Leaders","Technology, Financial Services, Professional Services","Black Talent Recruitment, Corporate Partnerships, Community Building, Events","Black Representation in Tech, Inclusive Hiring, Community Building, Career Development","Events, Platform, Corporate Partnerships, Mentoring",Membership + Sponsorship,Mid,North America's largest Black professional tech community and corporate partnership platform,"Massive community network, corporate partnership model, tech focus, events scale","Community Building, Tech Authority","Events, social media, corporate partnerships, media","Major tech companies, banks, venture capital firms","Major tech companies, banks, consulting firms","Tech diversity investment strong, rapidly scaling",9/10
WoodGreen Community Services (Employment Equity),woodgreen.org,"Toronto, ON",Nonprofit DEI Organization,Large (100-500),"Newcomers, Underemployed Populations, Employers","Community Services, Employment, Settlement","Employment Equity Programs, Newcomer Employment Support, Employer Training","Newcomer Inclusion, Skills Recognition, Employment Barriers, Cultural Competency","Programs, Job Placement, Training, Employer Partnerships",Charitable / Grant-Funded,Low (subsidized),Community-based employment equity and newcomer integration programming,"Direct service delivery, community trust, employer partnerships, settlement expertise","Community Building, Employment Authority","Community programs, employer events, social media","Government settlement programs, employer networks","Newcomers, underemployed communities, participating employers",Immigration and employment equity demand strong,5/10
Aberisam Group,aberisam.com/group,"Toronto, ON",Training Provider,Small (5-25),"Corporate, Government, Education",Cross-Industry,"Anti-Racism Workshops, Inclusive Leadership, DEI Facilitation, Team Development","Anti-Racism, Microaggressions, Inclusive Teams, Power & Privilege","Workshops, Facilitation, Online Learning, Train-the-Trainer",Per-Session + Package,Low-Mid,Accessible anti-racism and inclusion workshops with train-the-trainer capability,"Facilitation expertise, accessible pricing, train-the-trainer model, repeat clients",Accessibility + Practitioner Authority,"Social media, HR events, word of mouth","HR professional networks, training associations","Corporate teams, government departments, school boards",Anti-racism training demand sustained,7/10
SeeChange (DEI Initiative),seechangeinitiative.org,"Toronto, ON",Nonprofit / Training,Small (5-25),"Youth, Employers, Educators","Education, Youth Services, Employment","Youth Employment Equity, Employer Training, Anti-Racism Education, Mentoring","Youth Equity, Anti-Racism, Mentoring, Employment Barriers, Inclusive Hiring","Programs, Training, Mentoring, Workshops",Grant-Funded + Contracts,Low,Youth-centered employment equity and anti-racism programming,"Youth engagement, employer partnerships, community trust, mentoring model","Community Building, Youth Authority","Social media, community events, partner communications","Government youth programs, employer networks, school boards","Youth participants, participating employers, school boards",Youth equity investment growing,5/10
Bernardo Ferdman Consulting (Canadian Clients),ferdmanconsulting.com,"San Diego, CA (Canadian Ops)",Speaker-Led / Academic Consultancy,Solo/Micro (1-5),"Senior Leaders, Academics, HR Executives",Cross-Industry,"Inclusion Research, Executive Education, Keynote Speaking, Academic Programs","Inclusion as Practice, Paradox of Inclusion, Leadership Development, Theory-to-Practice","Speaking, Executive Education, Consulting, Academic Programs",Per-Engagement / Project,Premium,World-class academic thought leadership on inclusion translated to organizational practice,"Academic credibility, published research, conceptual frameworks, global reputation","Research Authority, Academic Expertise","Books, academic journals, conferences, executive programs","Universities, research institutions, global DEI networks","Major corporations, universities, government agencies",Academic-practitioner bridge demand growing,3/10
Strandberg Consulting,corostrandberg.com,"Vancouver, BC",Boutique DEI Consultancy / CSR,Solo/Micro (1-5),"Corporate, Government, Nonprofits",Cross-Industry (CSR Focus),"CSR-DEI Integration, Sustainability Strategy, Social Impact, Stakeholder Engagement","CSR & DEI Integration, Sustainability, Social Impact, Community Investment","Consulting, Research, Speaking, Workshops",Project-Based,Mid,Pioneering integration of corporate social responsibility with DEI strategy,"CSR-DEI integration expertise, sustainability lens, government advisory experience","Sustainability Authority, CSR Expertise","Publications, conferences, government consultations","Sustainability organizations, government CSR offices","Government, major corporations, industry associations",ESG-DEI convergence creating opportunity,4/10
Dorval Consulting Group,dorvalgroup.com,"Toronto, ON",HR Consulting Firm,Small (5-25),"Healthcare, Government, Large Enterprise","Healthcare, Public Sector, Financial Services","HR Strategy, DEI Integration, Talent Management, Organizational Design","HR Strategy, Talent Equity, Organizational Design, Leadership Development","Consulting, HR Analytics, Executive Search, Training",Project-Based / Retainer,Mid,DEI-integrated HR strategy and organizational design consulting,"Healthcare HR expertise, government relationships, talent analytics","HR Authority, Organizational Expertise","LinkedIn, HR conferences, case studies","HR technology vendors, healthcare associations","Hospitals, government agencies, financial institutions",HR transformation creating DEI integration demand,6/10
Newcomer Kitchen / Amal Centre,newcomerkitchen.ca,"Toronto, ON",Social Enterprise / DEI,Small (5-25),"Newcomer Women, Employers, Government","Food Services, Community Development, Employment","Newcomer Women Employment, Social Enterprise, Community Building, Cultural Exchange","Newcomer Integration, Women's Economic Empowerment, Cultural Exchange, Social Enterprise","Programs, Employment Training, Community Events, Catering",Social Enterprise + Grants,Low,Social enterprise model employing newcomer women through food and cultural exchange,"Unique social enterprise model, media coverage, community impact, cultural programming","Community Building, Social Enterprise Innovation","Media coverage, social media, community events","Settlement agencies, food organizations, corporate partners","Newcomer women participants, corporate catering clients",Social enterprise DEI model gaining recognition,5/10
Centre for Social Innovation (CSI),socialinnovation.ca,"Toronto, ON",Membership Network / Social Enterprise,Mid-size (25-100),"Social Entrepreneurs, Nonprofits, Startups","Social Enterprise, Nonprofits, Innovation","Inclusive Workspace, Social Innovation Community, DEI Programs, Capacity Building","Social Innovation, Inclusive Design, Community Building, Nonprofit Capacity","Coworking, Events, Programs, Consulting",Membership + Program Fees,Low-Mid,Inclusive coworking and community building for social innovation sector,"Community network, physical spaces, programming, social innovation ecosystem","Community Building, Innovation Authority","Events, publications, social media, community programs","Social enterprise networks, government innovation offices","Social entrepreneurs, nonprofits, community organizations",Social innovation sector growing steadily,6/10
TurnAround Consulting,turnaroundconsulting.ca,"Edmonton, AB",Boutique DEI Consultancy,Solo/Micro (1-5),"Government, Education, Indigenous Organizations","Public Sector, Education, Indigenous Services","Indigenous Cultural Competency, Anti-Racism, Organizational Assessment","Indigenous Cultural Competency, Anti-Racism, Treaty Rights, Reconciliation","Consulting, Workshops, Assessments, Facilitation",Project-Based,Low-Mid,Alberta-focused Indigenous cultural competency and anti-racism consulting,"Regional expertise, Indigenous community relationships, practical approach","Cultural Authority, Regional Expertise","Community events, social media, sector conferences","Indigenous organizations, educational institutions","Alberta government, school boards, health authorities",Alberta reconciliation initiatives growing,4/10
Realize Strategies,realizestrategies.com,"Ottawa, ON",Boutique DEI Consultancy,Small (5-25),"Government, Nonprofits, International Organizations","Public Sector, International Development, Nonprofits","GBA+, Results-Based Management, Inclusive Evaluation, Policy Development","GBA+, Evaluation, Results-Based Management, Inclusive Policy Design","Consulting, Training, Evaluation, Policy Analysis",Project-Based,Mid,Federal policy and evaluation consulting with integrated GBA+ and equity analysis,"Federal procurement expertise, evaluation methodology, bilingual, GBA+ specialization","Government Expertise, Evaluation Authority","Government publications, evaluation conferences","Federal departments, international organizations","Federal government, international development agencies",Federal equity requirements expanding,5/10
InkblotTherapy (DEI Wellness),inkblottherapy.com,"Toronto, ON",Health Tech / DEI Wellness,Mid-size (25-100),"Employers, HR Leaders, Employees",Cross-Industry,"Culturally Responsive Therapy, Inclusive EAP, Mental Health Equity","Mental Health Equity, Culturally Responsive Care, Inclusive Wellness, Employee Wellbeing","Digital Platform, Therapy Matching, EAP, Wellness Programs",Per-Employee Subscription,Mid,Culturally responsive mental health matching platform for inclusive employee wellness,"Therapy matching algorithm, cultural competency focus, digital platform, employer integration","Technology Innovation, Mental Health Authority","LinkedIn, HR conferences, wellness publications","Benefits providers, HR platforms",Mid-to-large Canadian employers,Culturally responsive mental health demand surging,9/10
Diversio Foundation,diversio.com/foundation,"Toronto, ON",Nonprofit DEI Organization,Small (5-25),"Startups, Underrepresented Founders, VCs","Technology, Venture Capital, Startups","Startup Ecosystem Equity, VC Diversity Programs, Founder Support","VC Diversity, Founder Equity, Startup Ecosystem, Investment Bias","Programs, Research, Advocacy, Community Building",Grant-Funded + Partnerships,Low,Driving equity in Canada's startup and venture capital ecosystem,"VC network, startup ecosystem knowledge, data capability, advocacy platform","Innovation Authority, Ecosystem Expertise","Events, research, social media, VC networks","Venture capital firms, tech accelerators, innovation hubs","Underrepresented founders, VC partners, tech ecosystem",VC diversity scrutiny increasing,7/10
Ryerson/TMU Diversity Institute,torontomu.ca/diversity,"Toronto, ON",Academic / Research Institute,Mid-size (25-100),"Government, Corporate, Researchers, Policymakers",Cross-Industry (Research Focus),"DEI Research, Policy Advisory, Workforce Development, Community Programs","Workforce Diversity, Immigration & Work, Digital Equity, Skills Development","Research, Programs, Policy Advisory, Training",Grant-Funded + Contracts,Low-Mid,"Leading academic research institution on diversity, migration, and workforce equity","Academic rigor, government advisory role, large-scale research programs, policy influence","Research Authority, Academic Expertise","Research publications, policy briefs, conferences, media","Government, universities, corporate research partners","Federal and provincial governments, major employers, academic community",Government-funded research programs expanding,5/10
